,precio_compra,precio_mto,n_puertas,n_personas,t_maletero,nivel_seguridad,aceptabilidad
0,vhigh,vhigh,2,2,small,low,unacc
1,vhigh,vhigh,2,2,small,med,unacc
2,vhigh,vhigh,2,2,small,high,unacc
3,vhigh,vhigh,2,2,med,low,unacc
4,vhigh,vhigh,2,2,med,med,unacc
6,vhigh,vhigh,2,2,big,low,unacc
9,vhigh,vhigh,2,4,small,low,unacc
10,vhigh,vhigh,2,4,small,med,unacc
11,vhigh,vhigh,2,4,small,high,unacc
12,vhigh,vhigh,2,4,med,low,unacc
13,vhigh,vhigh,2,4,med,med,unacc
18,vhigh,vhigh,2,more,small,low,unacc
19,vhigh,vhigh,2,more,small,med,unacc
20,vhigh,vhigh,2,more,small,high,unacc
21,vhigh,vhigh,2,more,med,low,unacc
23,vhigh,vhigh,2,more,med,high,unacc
24,vhigh,vhigh,2,more,big,low,unacc
26,vhigh,vhigh,2,more,big,high,unacc
27,vhigh,vhigh,3,2,small,low,unacc
28,vhigh,vhigh,3,2,small,med,unacc
30,vhigh,vhigh,3,2,med,low,unacc
32,vhigh,vhigh,3,2,med,high,unacc
34,vhigh,vhigh,3,2,big,med,unacc
35,vhigh,vhigh,3,2,big,high,unacc
36,vhigh,vhigh,3,4,small,low,unacc
37,vhigh,vhigh,3,4,small,med,unacc
38,vhigh,vhigh,3,4,small,high,unacc
40,vhigh,vhigh,3,4,med,med,unacc
41,vhigh,vhigh,3,4,med,high,unacc
42,vhigh,vhigh,3,4,big,low,unacc
43,vhigh,vhigh,3,4,big,med,unacc
44,vhigh,vhigh,3,4,big,high,unacc
45,vhigh,vhigh,3,more,small,low,unacc
46,vhigh,vhigh,3,more,small,med,unacc
47,vhigh,vhigh,3,more,small,high,unacc
48,vhigh,vhigh,3,more,med,low,unacc
49,vhigh,vhigh,3,more,med,med,unacc
50,vhigh,vhigh,3,more,med,high,unacc
52,vhigh,vhigh,3,more,big,med,unacc
53,vhigh,vhigh,3,more,big,high,unacc
54,vhigh,vhigh,4,2,small,low,unacc
55,vhigh,vhigh,4,2,small,med,unacc
56,vhigh,vhigh,4,2,small,high,unacc
57,vhigh,vhigh,4,2,med,low,unacc
58,vhigh,vhigh,4,2,med,med,unacc
59,vhigh,vhigh,4,2,med,high,unacc
60,vhigh,vhigh,4,2,big,low,unacc
61,vhigh,vhigh,4,2,big,med,unacc
62,vhigh,vhigh,4,2,big,high,unacc
64,vhigh,vhigh,4,4,small,med,unacc
65,vhigh,vhigh,4,4,small,high,unacc
66,vhigh,vhigh,4,4,med,low,unacc
67,vhigh,vhigh,4,4,med,med,unacc
69,vhigh,vhigh,4,4,big,low,unacc
70,vhigh,vhigh,4,4,big,med,unacc
71,vhigh,vhigh,4,4,big,high,unacc
72,vhigh,vhigh,4,more,small,low,unacc
73,vhigh,vhigh,4,more,small,med,unacc
75,vhigh,vhigh,4,more,med,low,unacc
77,vhigh,vhigh,4,more,med,high,unacc
80,vhigh,vhigh,4,more,big,high,unacc
81,vhigh,vhigh,5more,2,small,low,unacc
84,vhigh,vhigh,5more,2,med,low,unacc
88,vhigh,vhigh,5more,2,big,med,unacc
91,vhigh,vhigh,5more,4,small,med,unacc
92,vhigh,vhigh,5more,4,small,high,unacc
94,vhigh,vhigh,5more,4,med,med,unacc
95,vhigh,vhigh,5more,4,med,high,unacc
96,vhigh,vhigh,5more,4,big,low,unacc
97,vhigh,vhigh,5more,4,big,med,unacc
99,vhigh,vhigh,5more,more,small,low,unacc
103,vhigh,vhigh,5more,more,med,med,unacc
104,vhigh,vhigh,5more,more,med,high,unacc
106,vhigh,vhigh,5more,more,big,med,unacc
107,vhigh,vhigh,5more,more,big,high,unacc
108,vhigh,high,2,2,small,low,unacc
109,vhigh,high,2,2,small,med,unacc
110,vhigh,high,2,2,small,high,unacc
111,vhigh,high,2,2,med,low,unacc
112,vhigh,high,2,2,med,med,unacc
113,vhigh,high,2,2,med,high,unacc
114,vhigh,high,2,2,big,low,unacc
115,vhigh,high,2,2,big,med,unacc
116,vhigh,high,2,2,big,high,unacc
117,vhigh,high,2,4,small,low,unacc
120,vhigh,high,2,4,med,low,unacc
121,vhigh,high,2,4,med,med,unacc
122,vhigh,high,2,4,med,high,unacc
123,vhigh,high,2,4,big,low,unacc
125,vhigh,high,2,4,big,high,unacc
126,vhigh,high,2,more,small,low,unacc
128,vhigh,high,2,more,small,high,unacc
129,vhigh,high,2,more,med,low,unacc
130,vhigh,high,2,more,med,med,unacc
131,vhigh,high,2,more,med,high,unacc
132,vhigh,high,2,more,big,low,unacc
133,vhigh,high,2,more,big,med,unacc
135,vhigh,high,3,2,small,low,unacc
136,vhigh,high,3,2,small,med,unacc
137,vhigh,high,3,2,small,high,unacc
138,vhigh,high,3,2,med,low,unacc
141,vhigh,high,3,2,big,low,unacc
142,vhigh,high,3,2,big,med,unacc
143,vhigh,high,3,2,big,high,unacc
144,vhigh,high,3,4,small,low,unacc
145,vhigh,high,3,4,small,med,unacc
147,vhigh,high,3,4,med,low,unacc
148,vhigh,high,3,4,med,med,unacc
149,vhigh,high,3,4,med,high,unacc
150,vhigh,high,3,4,big,low,unacc
152,vhigh,high,3,4,big,high,unacc
154,vhigh,high,3,more,small,med,unacc
156,vhigh,high,3,more,med,low,unacc
158,vhigh,high,3,more,med,high,unacc
160,vhigh,high,3,more,big,med,unacc
162,vhigh,high,4,2,small,low,unacc
163,vhigh,high,4,2,small,med,unacc
164,vhigh,high,4,2,small,high,unacc
165,vhigh,high,4,2,med,low,unacc
166,vhigh,high,4,2,med,med,unacc
167,vhigh,high,4,2,med,high,unacc
168,vhigh,high,4,2,big,low,unacc
173,vhigh,high,4,4,small,high,unacc
174,vhigh,high,4,4,med,low,unacc
176,vhigh,high,4,4,med,high,unacc
177,vhigh,high,4,4,big,low,unacc
179,vhigh,high,4,4,big,high,unacc
181,vhigh,high,4,more,small,med,unacc
182,vhigh,high,4,more,small,high,unacc
184,vhigh,high,4,more,med,med,unacc
186,vhigh,high,4,more,big,low,unacc
189,vhigh,high,5more,2,small,low,unacc
192,vhigh,high,5more,2,med,low,unacc
197,vhigh,high,5more,2,big,high,unacc
198,vhigh,high,5more,4,small,low,unacc
199,vhigh,high,5more,4,small,med,unacc
200,vhigh,high,5more,4,small,high,unacc
201,vhigh,high,5more,4,med,low,unacc
202,vhigh,high,5more,4,med,med,unacc
203,vhigh,high,5more,4,med,high,unacc
204,vhigh,high,5more,4,big,low,unacc
205,vhigh,high,5more,4,big,med,unacc
206,vhigh,high,5more,4,big,high,unacc
207,vhigh,high,5more,more,small,low,unacc
209,vhigh,high,5more,more,small,high,unacc
210,vhigh,high,5more,more,med,low,unacc
212,vhigh,high,5more,more,med,high,unacc
214,vhigh,high,5more,more,big,med,unacc
215,vhigh,high,5more,more,big,high,unacc
216,vhigh,med,2,2,small,low,unacc
217,vhigh,med,2,2,small,med,unacc
221,vhigh,med,2,2,med,high,unacc
222,vhigh,med,2,2,big,low,unacc
223,vhigh,med,2,2,big,med,unacc
224,vhigh,med,2,2,big,high,unacc
225,vhigh,med,2,4,small,low,unacc
227,vhigh,med,2,4,small,high,acc
228,vhigh,med,2,4,med,low,unacc
229,vhigh,med,2,4,med,med,unacc
230,vhigh,med,2,4,med,high,acc
231,vhigh,med,2,4,big,low,unacc
233,vhigh,med,2,4,big,high,acc
235,vhigh,med,2,more,small,med,unacc
236,vhigh,med,2,more,small,high,unacc
237,vhigh,med,2,more,med,low,unacc
239,vhigh,med,2,more,med,high,acc
240,vhigh,med,2,more,big,low,unacc
241,vhigh,med,2,more,big,med,acc
243,vhigh,med,3,2,small,low,unacc
244,vhigh,med,3,2,small,med,unacc
245,vhigh,med,3,2,small,high,unacc
246,vhigh,med,3,2,med,low,unacc
247,vhigh,med,3,2,med,med,unacc
248,vhigh,med,3,2,med,high,unacc
249,vhigh,med,3,2,big,low,unacc
251,vhigh,med,3,2,big,high,unacc
253,vhigh,med,3,4,small,med,unacc
254,vhigh,med,3,4,small,high,acc
256,vhigh,med,3,4,med,med,unacc
257,vhigh,med,3,4,med,high,acc
258,vhigh,med,3,4,big,low,unacc
262,vhigh,med,3,more,small,med,unacc
265,vhigh,med,3,more,med,med,acc
266,vhigh,med,3,more,med,high,acc
267,vhigh,med,3,more,big,low,unacc
270,vhigh,med,4,2,small,low,unacc
272,vhigh,med,4,2,small,high,unacc
273,vhigh,med,4,2,med,low,unacc
274,vhigh,med,4,2,med,med,unacc
275,vhigh,med,4,2,med,high,unacc
276,vhigh,med,4,2,big,low,unacc
277,vhigh,med,4,2,big,med,unacc
278,vhigh,med,4,2,big,high,unacc
279,vhigh,med,4,4,small,low,unacc
280,vhigh,med,4,4,small,med,unacc
281,vhigh,med,4,4,small,high,acc
282,vhigh,med,4,4,med,low,unacc
284,vhigh,med,4,4,med,high,acc
285,vhigh,med,4,4,big,low,unacc
287,vhigh,med,4,4,big,high,acc
288,vhigh,med,4,more,small,low,unacc
289,vhigh,med,4,more,small,med,unacc
290,vhigh,med,4,more,small,high,acc
291,vhigh,med,4,more,med,low,unacc
292,vhigh,med,4,more,med,med,acc
294,vhigh,med,4,more,big,low,unacc
295,vhigh,med,4,more,big,med,acc
296,vhigh,med,4,more,big,high,acc
297,vhigh,med,5more,2,small,low,unacc
298,vhigh,med,5more,2,small,med,unacc
300,vhigh,med,5more,2,med,low,unacc
301,vhigh,med,5more,2,med,med,unacc
302,vhigh,med,5more,2,med,high,unacc
304,vhigh,med,5more,2,big,med,unacc
305,vhigh,med,5more,2,big,high,unacc
307,vhigh,med,5more,4,small,med,unacc
310,vhigh,med,5more,4,med,med,acc
312,vhigh,med,5more,4,big,low,unacc
313,vhigh,med,5more,4,big,med,acc
314,vhigh,med,5more,4,big,high,acc
316,vhigh,med,5more,more,small,med,unacc
317,vhigh,med,5more,more,small,high,acc
319,vhigh,med,5more,more,med,med,acc
320,vhigh,med,5more,more,med,high,acc
321,vhigh,med,5more,more,big,low,unacc
322,vhigh,med,5more,more,big,med,acc
324,vhigh,low,2,2,small,low,unacc
326,vhigh,low,2,2,small,high,unacc
328,vhigh,low,2,2,med,med,unacc
329,vhigh,low,2,2,med,high,unacc
331,vhigh,low,2,2,big,med,unacc
333,vhigh,low,2,4,small,low,unacc
334,vhigh,low,2,4,small,med,unacc
335,vhigh,low,2,4,small,high,acc
337,vhigh,low,2,4,med,med,unacc
338,vhigh,low,2,4,med,high,acc
339,vhigh,low,2,4,big,low,unacc
342,vhigh,low,2,more,small,low,unacc
343,vhigh,low,2,more,small,med,unacc
344,vhigh,low,2,more,small,high,unacc
345,vhigh,low,2,more,med,low,unacc
347,vhigh,low,2,more,med,high,acc
349,vhigh,low,2,more,big,med,acc
350,vhigh,low,2,more,big,high,acc
351,vhigh,low,3,2,small,low,unacc
352,vhigh,low,3,2,small,med,unacc
354,vhigh,low,3,2,med,low,unacc
356,vhigh,low,3,2,med,high,unacc
357,vhigh,low,3,2,big,low,unacc
358,vhigh,low,3,2,big,med,unacc
359,vhigh,low,3,2,big,high,unacc
361,vhigh,low,3,4,small,med,unacc
362,vhigh,low,3,4,small,high,acc
363,vhigh,low,3,4,med,low,unacc
364,vhigh,low,3,4,med,med,unacc
365,vhigh,low,3,4,med,high,acc
366,vhigh,low,3,4,big,low,unacc
367,vhigh,low,3,4,big,med,acc
368,vhigh,low,3,4,big,high,acc
369,vhigh,low,3,more,small,low,unacc
370,vhigh,low,3,more,small,med,unacc
371,vhigh,low,3,more,small,high,acc
372,vhigh,low,3,more,med,low,unacc
373,vhigh,low,3,more,med,med,acc
377,vhigh,low,3,more,big,high,acc
378,vhigh,low,4,2,small,low,unacc
379,vhigh,low,4,2,small,med,unacc
380,vhigh,low,4,2,small,high,unacc
381,vhigh,low,4,2,med,low,unacc
382,vhigh,low,4,2,med,med,unacc
383,vhigh,low,4,2,med,high,unacc
384,vhigh,low,4,2,big,low,unacc
385,vhigh,low,4,2,big,med,unacc
386,vhigh,low,4,2,big,high,unacc
387,vhigh,low,4,4,small,low,unacc
388,vhigh,low,4,4,small,med,unacc
389,vhigh,low,4,4,small,high,acc
390,vhigh,low,4,4,med,low,unacc
391,vhigh,low,4,4,med,med,acc
392,vhigh,low,4,4,med,high,acc
393,vhigh,low,4,4,big,low,unacc
394,vhigh,low,4,4,big,med,acc
395,vhigh,low,4,4,big,high,acc
396,vhigh,low,4,more,small,low,unacc
398,vhigh,low,4,more,small,high,acc
399,vhigh,low,4,more,med,low,unacc
401,vhigh,low,4,more,med,high,acc
402,vhigh,low,4,more,big,low,unacc
403,vhigh,low,4,more,big,med,acc
405,vhigh,low,5more,2,small,low,unacc
406,vhigh,low,5more,2,small,med,unacc
408,vhigh,low,5more,2,med,low,unacc
410,vhigh,low,5more,2,med,high,unacc
411,vhigh,low,5more,2,big,low,unacc
413,vhigh,low,5more,2,big,high,unacc
414,vhigh,low,5more,4,small,low,unacc
416,vhigh,low,5more,4,small,high,acc
417,vhigh,low,5more,4,med,low,unacc
418,vhigh,low,5more,4,med,med,acc
419,vhigh,low,5more,4,med,high,acc
421,vhigh,low,5more,4,big,med,acc
422,vhigh,low,5more,4,big,high,acc
423,vhigh,low,5more,more,small,low,unacc
424,vhigh,low,5more,more,small,med,unacc
425,vhigh,low,5more,more,small,high,acc
427,vhigh,low,5more,more,med,med,acc
428,vhigh,low,5more,more,med,high,acc
430,vhigh,low,5more,more,big,med,acc
431,vhigh,low,5more,more,big,high,acc
433,high,vhigh,2,2,small,med,unacc
434,high,vhigh,2,2,small,high,unacc
435,high,vhigh,2,2,med,low,unacc
436,high,vhigh,2,2,med,med,unacc
437,high,vhigh,2,2,med,high,unacc
438,high,vhigh,2,2,big,low,unacc
439,high,vhigh,2,2,big,med,unacc
442,high,vhigh,2,4,small,med,unacc
443,high,vhigh,2,4,small,high,unacc
444,high,vhigh,2,4,med,low,unacc
446,high,vhigh,2,4,med,high,unacc
447,high,vhigh,2,4,big,low,unacc
449,high,vhigh,2,4,big,high,unacc
451,high,vhigh,2,more,small,med,unacc
452,high,vhigh,2,more,small,high,unacc
454,high,vhigh,2,more,med,med,unacc
456,high,vhigh,2,more,big,low,unacc
459,high,vhigh,3,2,small,low,unacc
460,high,vhigh,3,2,small,med,unacc
463,high,vhigh,3,2,med,med,unacc
465,high,vhigh,3,2,big,low,unacc
467,high,vhigh,3,2,big,high,unacc
468,high,vhigh,3,4,small,low,unacc
469,high,vhigh,3,4,small,med,unacc
471,high,vhigh,3,4,med,low,unacc
473,high,vhigh,3,4,med,high,unacc
475,high,vhigh,3,4,big,med,unacc
476,high,vhigh,3,4,big,high,unacc
477,high,vhigh,3,more,small,low,unacc
479,high,vhigh,3,more,small,high,unacc
480,high,vhigh,3,more,med,low,unacc
481,high,vhigh,3,more,med,med,unacc
482,high,vhigh,3,more,med,high,unacc
483,high,vhigh,3,more,big,low,unacc
484,high,vhigh,3,more,big,med,unacc
485,high,vhigh,3,more,big,high,unacc
486,high,vhigh,4,2,small,low,unacc
487,high,vhigh,4,2,small,med,unacc
488,high,vhigh,4,2,small,high,unacc
490,high,vhigh,4,2,med,med,unacc
491,high,vhigh,4,2,med,high,unacc
493,high,vhigh,4,2,big,med,unacc
494,high,vhigh,4,2,big,high,unacc
495,high,vhigh,4,4,small,low,unacc
497,high,vhigh,4,4,small,high,unacc
499,high,vhigh,4,4,med,med,unacc
500,high,vhigh,4,4,med,high,unacc
503,high,vhigh,4,4,big,high,unacc
504,high,vhigh,4,more,small,low,unacc
505,high,vhigh,4,more,small,med,unacc
506,high,vhigh,4,more,small,high,unacc
507,high,vhigh,4,more,med,low,unacc
508,high,vhigh,4,more,med,med,unacc
509,high,vhigh,4,more,med,high,unacc
510,high,vhigh,4,more,big,low,unacc
512,high,vhigh,4,more,big,high,unacc
513,high,vhigh,5more,2,small,low,unacc
514,high,vhigh,5more,2,small,med,unacc
515,high,vhigh,5more,2,small,high,unacc
518,high,vhigh,5more,2,med,high,unacc
520,high,vhigh,5more,2,big,med,unacc
522,high,vhigh,5more,4,small,low,unacc
523,high,vhigh,5more,4,small,med,unacc
525,high,vhigh,5more,4,med,low,unacc
526,high,vhigh,5more,4,med,med,unacc
527,high,vhigh,5more,4,med,high,unacc
528,high,vhigh,5more,4,big,low,unacc
529,high,vhigh,5more,4,big,med,unacc
530,high,vhigh,5more,4,big,high,unacc
531,high,vhigh,5more,more,small,low,unacc
533,high,vhigh,5more,more,small,high,unacc
535,high,vhigh,5more,more,med,med,unacc
536,high,vhigh,5more,more,med,high,unacc
539,high,vhigh,5more,more,big,high,unacc
540,high,high,2,2,small,low,unacc
541,high,high,2,2,small,med,unacc
543,high,high,2,2,med,low,unacc
544,high,high,2,2,med,med,unacc
545,high,high,2,2,med,high,unacc
546,high,high,2,2,big,low,unacc
547,high,high,2,2,big,med,unacc
549,high,high,2,4,small,low,unacc
550,high,high,2,4,small,med,unacc
552,high,high,2,4,med,low,unacc
553,high,high,2,4,med,med,unacc
556,high,high,2,4,big,med,acc
557,high,high,2,4,big,high,acc
558,high,high,2,more,small,low,unacc
559,high,high,2,more,small,med,unacc
560,high,high,2,more,small,high,unacc
561,high,high,2,more,med,low,unacc
562,high,high,2,more,med,med,unacc
565,high,high,2,more,big,med,acc
566,high,high,2,more,big,high,acc
568,high,high,3,2,small,med,unacc
569,high,high,3,2,small,high,unacc
570,high,high,3,2,med,low,unacc
571,high,high,3,2,med,med,unacc
573,high,high,3,2,big,low,unacc
576,high,high,3,4,small,low,unacc
577,high,high,3,4,small,med,unacc
578,high,high,3,4,small,high,acc
579,high,high,3,4,med,low,unacc
580,high,high,3,4,med,med,unacc
581,high,high,3,4,med,high,acc
582,high,high,3,4,big,low,unacc
583,high,high,3,4,big,med,acc
585,high,high,3,more,small,low,unacc
586,high,high,3,more,small,med,unacc
588,high,high,3,more,med,low,unacc
590,high,high,3,more,med,high,acc
592,high,high,3,more,big,med,acc
593,high,high,3,more,big,high,acc
594,high,high,4,2,small,low,unacc
595,high,high,4,2,small,med,unacc
596,high,high,4,2,small,high,unacc
597,high,high,4,2,med,low,unacc
598,high,high,4,2,med,med,unacc
599,high,high,4,2,med,high,unacc
600,high,high,4,2,big,low,unacc
601,high,high,4,2,big,med,unacc
603,high,high,4,4,small,low,unacc
605,high,high,4,4,small,high,acc
606,high,high,4,4,med,low,unacc
608,high,high,4,4,med,high,acc
611,high,high,4,4,big,high,acc
612,high,high,4,more,small,low,unacc
613,high,high,4,more,small,med,unacc
614,high,high,4,more,small,high,acc
616,high,high,4,more,med,med,acc
617,high,high,4,more,med,high,acc
619,high,high,4,more,big,med,acc
620,high,high,4,more,big,high,acc
622,high,high,5more,2,small,med,unacc
623,high,high,5more,2,small,high,unacc
624,high,high,5more,2,med,low,unacc
626,high,high,5more,2,med,high,unacc
627,high,high,5more,2,big,low,unacc
628,high,high,5more,2,big,med,unacc
629,high,high,5more,2,big,high,unacc
632,high,high,5more,4,small,high,acc
633,high,high,5more,4,med,low,unacc
635,high,high,5more,4,med,high,acc
636,high,high,5more,4,big,low,unacc
638,high,high,5more,4,big,high,acc
639,high,high,5more,more,small,low,unacc
641,high,high,5more,more,small,high,acc
642,high,high,5more,more,med,low,unacc
643,high,high,5more,more,med,med,acc
645,high,high,5more,more,big,low,unacc
648,high,med,2,2,small,low,unacc
651,high,med,2,2,med,low,unacc
653,high,med,2,2,med,high,unacc
655,high,med,2,2,big,med,unacc
657,high,med,2,4,small,low,unacc
658,high,med,2,4,small,med,unacc
659,high,med,2,4,small,high,acc
660,high,med,2,4,med,low,unacc
662,high,med,2,4,med,high,acc
664,high,med,2,4,big,med,acc
665,high,med,2,4,big,high,acc
666,high,med,2,more,small,low,unacc
667,high,med,2,more,small,med,unacc
668,high,med,2,more,small,high,unacc
669,high,med,2,more,med,low,unacc
670,high,med,2,more,med,med,unacc
671,high,med,2,more,med,high,acc
672,high,med,2,more,big,low,unacc
673,high,med,2,more,big,med,acc
674,high,med,2,more,big,high,acc
677,high,med,3,2,small,high,unacc
678,high,med,3,2,med,low,unacc
679,high,med,3,2,med,med,unacc
680,high,med,3,2,med,high,unacc
681,high,med,3,2,big,low,unacc
682,high,med,3,2,big,med,unacc
683,high,med,3,2,big,high,unacc
684,high,med,3,4,small,low,unacc
685,high,med,3,4,small,med,unacc
686,high,med,3,4,small,high,acc
689,high,med,3,4,med,high,acc
692,high,med,3,4,big,high,acc
693,high,med,3,more,small,low,unacc
694,high,med,3,more,small,med,unacc
695,high,med,3,more,small,high,acc
696,high,med,3,more,med,low,unacc
697,high,med,3,more,med,med,acc
698,high,med,3,more,med,high,acc
699,high,med,3,more,big,low,unacc
700,high,med,3,more,big,med,acc
701,high,med,3,more,big,high,acc
702,high,med,4,2,small,low,unacc
703,high,med,4,2,small,med,unacc
705,high,med,4,2,med,low,unacc
708,high,med,4,2,big,low,unacc
709,high,med,4,2,big,med,unacc
710,high,med,4,2,big,high,unacc
713,high,med,4,4,small,high,acc
714,high,med,4,4,med,low,unacc
716,high,med,4,4,med,high,acc
717,high,med,4,4,big,low,unacc
721,high,med,4,more,small,med,unacc
723,high,med,4,more,med,low,unacc
726,high,med,4,more,big,low,unacc
727,high,med,4,more,big,med,acc
729,high,med,5more,2,small,low,unacc
730,high,med,5more,2,small,med,unacc
731,high,med,5more,2,small,high,unacc
732,high,med,5more,2,med,low,unacc
733,high,med,5more,2,med,med,unacc
734,high,med,5more,2,med,high,unacc
735,high,med,5more,2,big,low,unacc
736,high,med,5more,2,big,med,unacc
737,high,med,5more,2,big,high,unacc
739,high,med,5more,4,small,med,unacc
740,high,med,5more,4,small,high,acc
741,high,med,5more,4,med,low,unacc
742,high,med,5more,4,med,med,acc
746,high,med,5more,4,big,high,acc
747,high,med,5more,more,small,low,unacc
748,high,med,5more,more,small,med,unacc
751,high,med,5more,more,med,med,acc
752,high,med,5more,more,med,high,acc
755,high,med,5more,more,big,high,acc
757,high,low,2,2,small,med,unacc
759,high,low,2,2,med,low,unacc
760,high,low,2,2,med,med,unacc
761,high,low,2,2,med,high,unacc
762,high,low,2,2,big,low,unacc
763,high,low,2,2,big,med,unacc
764,high,low,2,2,big,high,unacc
766,high,low,2,4,small,med,unacc
770,high,low,2,4,med,high,acc
771,high,low,2,4,big,low,unacc
772,high,low,2,4,big,med,acc
774,high,low,2,more,small,low,unacc
775,high,low,2,more,small,med,unacc
776,high,low,2,more,small,high,unacc
777,high,low,2,more,med,low,unacc
778,high,low,2,more,med,med,unacc
780,high,low,2,more,big,low,unacc
782,high,low,2,more,big,high,acc
783,high,low,3,2,small,low,unacc
784,high,low,3,2,small,med,unacc
786,high,low,3,2,med,low,unacc
787,high,low,3,2,med,med,unacc
789,high,low,3,2,big,low,unacc
790,high,low,3,2,big,med,unacc
791,high,low,3,2,big,high,unacc
792,high,low,3,4,small,low,unacc
793,high,low,3,4,small,med,unacc
796,high,low,3,4,med,med,unacc
797,high,low,3,4,med,high,acc
801,high,low,3,more,small,low,unacc
802,high,low,3,more,small,med,unacc
803,high,low,3,more,small,high,acc
804,high,low,3,more,med,low,unacc
805,high,low,3,more,med,med,acc
806,high,low,3,more,med,high,acc
807,high,low,3,more,big,low,unacc
808,high,low,3,more,big,med,acc
809,high,low,3,more,big,high,acc
810,high,low,4,2,small,low,unacc
811,high,low,4,2,small,med,unacc
812,high,low,4,2,small,high,unacc
813,high,low,4,2,med,low,unacc
814,high,low,4,2,med,med,unacc
817,high,low,4,2,big,med,unacc
818,high,low,4,2,big,high,unacc
820,high,low,4,4,small,med,unacc
821,high,low,4,4,small,high,acc
823,high,low,4,4,med,med,acc
824,high,low,4,4,med,high,acc
825,high,low,4,4,big,low,unacc
826,high,low,4,4,big,med,acc
829,high,low,4,more,small,med,unacc
830,high,low,4,more,small,high,acc
832,high,low,4,more,med,med,acc
833,high,low,4,more,med,high,acc
834,high,low,4,more,big,low,unacc
835,high,low,4,more,big,med,acc
836,high,low,4,more,big,high,acc
838,high,low,5more,2,small,med,unacc
839,high,low,5more,2,small,high,unacc
840,high,low,5more,2,med,low,unacc
841,high,low,5more,2,med,med,unacc
842,high,low,5more,2,med,high,unacc
843,high,low,5more,2,big,low,unacc
844,high,low,5more,2,big,med,unacc
845,high,low,5more,2,big,high,unacc
846,high,low,5more,4,small,low,unacc
847,high,low,5more,4,small,med,unacc
848,high,low,5more,4,small,high,acc
849,high,low,5more,4,med,low,unacc
850,high,low,5more,4,med,med,acc
852,high,low,5more,4,big,low,unacc
854,high,low,5more,4,big,high,acc
855,high,low,5more,more,small,low,unacc
856,high,low,5more,more,small,med,unacc
858,high,low,5more,more,med,low,unacc
859,high,low,5more,more,med,med,acc
861,high,low,5more,more,big,low,unacc
862,high,low,5more,more,big,med,acc
863,high,low,5more,more,big,high,acc
864,med,vhigh,2,2,small,low,unacc
865,med,vhigh,2,2,small,med,unacc
866,med,vhigh,2,2,small,high,unacc
867,med,vhigh,2,2,med,low,unacc
868,med,vhigh,2,2,med,med,unacc
869,med,vhigh,2,2,med,high,unacc
870,med,vhigh,2,2,big,low,unacc
871,med,vhigh,2,2,big,med,unacc
872,med,vhigh,2,2,big,high,unacc
873,med,vhigh,2,4,small,low,unacc
874,med,vhigh,2,4,small,med,unacc
875,med,vhigh,2,4,small,high,acc
876,med,vhigh,2,4,med,low,unacc
877,med,vhigh,2,4,med,med,unacc
881,med,vhigh,2,4,big,high,acc
882,med,vhigh,2,more,small,low,unacc
885,med,vhigh,2,more,med,low,unacc
886,med,vhigh,2,more,med,med,unacc
887,med,vhigh,2,more,med,high,acc
889,med,vhigh,2,more,big,med,acc
892,med,vhigh,3,2,small,med,unacc
893,med,vhigh,3,2,small,high,unacc
894,med,vhigh,3,2,med,low,unacc
895,med,vhigh,3,2,med,med,unacc
897,med,vhigh,3,2,big,low,unacc
898,med,vhigh,3,2,big,med,unacc
899,med,vhigh,3,2,big,high,unacc
900,med,vhigh,3,4,small,low,unacc
905,med,vhigh,3,4,med,high,acc
906,med,vhigh,3,4,big,low,unacc
907,med,vhigh,3,4,big,med,acc
909,med,vhigh,3,more,small,low,unacc
910,med,vhigh,3,more,small,med,unacc
911,med,vhigh,3,more,small,high,acc
912,med,vhigh,3,more,med,low,unacc
913,med,vhigh,3,more,med,med,acc
914,med,vhigh,3,more,med,high,acc
915,med,vhigh,3,more,big,low,unacc
916,med,vhigh,3,more,big,med,acc
919,med,vhigh,4,2,small,med,unacc
920,med,vhigh,4,2,small,high,unacc
921,med,vhigh,4,2,med,low,unacc
922,med,vhigh,4,2,med,med,unacc
925,med,vhigh,4,2,big,med,unacc
926,med,vhigh,4,2,big,high,unacc
929,med,vhigh,4,4,small,high,acc
930,med,vhigh,4,4,med,low,unacc
931,med,vhigh,4,4,med,med,acc
933,med,vhigh,4,4,big,low,unacc
935,med,vhigh,4,4,big,high,acc
936,med,vhigh,4,more,small,low,unacc
938,med,vhigh,4,more,small,high,acc
941,med,vhigh,4,more,med,high,acc
942,med,vhigh,4,more,big,low,unacc
943,med,vhigh,4,more,big,med,acc
945,med,vhigh,5more,2,small,low,unacc
947,med,vhigh,5more,2,small,high,unacc
948,med,vhigh,5more,2,med,low,unacc
949,med,vhigh,5more,2,med,med,unacc
950,med,vhigh,5more,2,med,high,unacc
951,med,vhigh,5more,2,big,low,unacc
952,med,vhigh,5more,2,big,med,unacc
953,med,vhigh,5more,2,big,high,unacc
954,med,vhigh,5more,4,small,low,unacc
955,med,vhigh,5more,4,small,med,unacc
956,med,vhigh,5more,4,small,high,acc
958,med,vhigh,5more,4,med,med,acc
960,med,vhigh,5more,4,big,low,unacc
961,med,vhigh,5more,4,big,med,acc
962,med,vhigh,5more,4,big,high,acc
966,med,vhigh,5more,more,med,low,unacc
967,med,vhigh,5more,more,med,med,acc
969,med,vhigh,5more,more,big,low,unacc
970,med,vhigh,5more,more,big,med,acc
971,med,vhigh,5more,more,big,high,acc
972,med,high,2,2,small,low,unacc
973,med,high,2,2,small,med,unacc
974,med,high,2,2,small,high,unacc
976,med,high,2,2,med,med,unacc
978,med,high,2,2,big,low,unacc
979,med,high,2,2,big,med,unacc
981,med,high,2,4,small,low,unacc
983,med,high,2,4,small,high,acc
985,med,high,2,4,med,med,unacc
986,med,high,2,4,med,high,acc
988,med,high,2,4,big,med,acc
990,med,high,2,more,small,low,unacc
991,med,high,2,more,small,med,unacc
992,med,high,2,more,small,high,unacc
993,med,high,2,more,med,low,unacc
994,med,high,2,more,med,med,unacc
996,med,high,2,more,big,low,unacc
997,med,high,2,more,big,med,acc
999,med,high,3,2,small,low,unacc
1001,med,high,3,2,small,high,unacc
1003,med,high,3,2,med,med,unacc
1004,med,high,3,2,med,high,unacc
1006,med,high,3,2,big,med,unacc
1007,med,high,3,2,big,high,unacc
1008,med,high,3,4,small,low,unacc
1010,med,high,3,4,small,high,acc
1011,med,high,3,4,med,low,unacc
1012,med,high,3,4,med,med,unacc
1013,med,high,3,4,med,high,acc
1014,med,high,3,4,big,low,unacc
1015,med,high,3,4,big,med,acc
1016,med,high,3,4,big,high,acc
1017,med,high,3,more,small,low,unacc
1018,med,high,3,more,small,med,unacc
1019,med,high,3,more,small,high,acc
1020,med,high,3,more,med,low,unacc
1021,med,high,3,more,med,med,acc
1023,med,high,3,more,big,low,unacc
1025,med,high,3,more,big,high,acc
1026,med,high,4,2,small,low,unacc
1027,med,high,4,2,small,med,unacc
1028,med,high,4,2,small,high,unacc
1029,med,high,4,2,med,low,unacc
1030,med,high,4,2,med,med,unacc
1031,med,high,4,2,med,high,unacc
1032,med,high,4,2,big,low,unacc
1033,med,high,4,2,big,med,unacc
1034,med,high,4,2,big,high,unacc
1035,med,high,4,4,small,low,unacc
1038,med,high,4,4,med,low,unacc
1039,med,high,4,4,med,med,acc
1041,med,high,4,4,big,low,unacc
1043,med,high,4,4,big,high,acc
1044,med,high,4,more,small,low,unacc
1045,med,high,4,more,small,med,unacc
1046,med,high,4,more,small,high,acc
1048,med,high,4,more,med,med,acc
1049,med,high,4,more,med,high,acc
1050,med,high,4,more,big,low,unacc
1051,med,high,4,more,big,med,acc
1052,med,high,4,more,big,high,acc
1053,med,high,5more,2,small,low,unacc
1054,med,high,5more,2,small,med,unacc
1055,med,high,5more,2,small,high,unacc
1057,med,high,5more,2,med,med,unacc
1060,med,high,5more,2,big,med,unacc
1062,med,high,5more,4,small,low,unacc
1063,med,high,5more,4,small,med,unacc
1064,med,high,5more,4,small,high,acc
1066,med,high,5more,4,med,med,acc
1067,med,high,5more,4,med,high,acc
1068,med,high,5more,4,big,low,unacc
1070,med,high,5more,4,big,high,acc
1071,med,high,5more,more,small,low,unacc
1075,med,high,5more,more,med,med,acc
1077,med,high,5more,more,big,low,unacc
1078,med,high,5more,more,big,med,acc
1079,med,high,5more,more,big,high,acc
1080,med,med,2,2,small,low,unacc
1081,med,med,2,2,small,med,unacc
1082,med,med,2,2,small,high,unacc
1083,med,med,2,2,med,low,unacc
1085,med,med,2,2,med,high,unacc
1087,med,med,2,2,big,med,unacc
1089,med,med,2,4,small,low,unacc
1090,med,med,2,4,small,med,acc
1091,med,med,2,4,small,high,acc
1092,med,med,2,4,med,low,unacc
1093,med,med,2,4,med,med,acc
1094,med,med,2,4,med,high,acc
1099,med,med,2,more,small,med,unacc
1100,med,med,2,more,small,high,unacc
1101,med,med,2,more,med,low,unacc
1104,med,med,2,more,big,low,unacc
1105,med,med,2,more,big,med,acc
1106,med,med,2,more,big,high,vgood
1107,med,med,3,2,small,low,unacc
1108,med,med,3,2,small,med,unacc
1109,med,med,3,2,small,high,unacc
1110,med,med,3,2,med,low,unacc
1111,med,med,3,2,med,med,unacc
1112,med,med,3,2,med,high,unacc
1113,med,med,3,2,big,low,unacc
1115,med,med,3,2,big,high,unacc
1116,med,med,3,4,small,low,unacc
1118,med,med,3,4,small,high,acc
1119,med,med,3,4,med,low,unacc
1120,med,med,3,4,med,med,acc
1121,med,med,3,4,med,high,acc
1123,med,med,3,4,big,med,acc
1124,med,med,3,4,big,high,vgood
1126,med,med,3,more,small,med,acc
1128,med,med,3,more,med,low,unacc
1129,med,med,3,more,med,med,acc
1131,med,med,3,more,big,low,unacc
1133,med,med,3,more,big,high,vgood
1135,med,med,4,2,small,med,unacc
1136,med,med,4,2,small,high,unacc
1137,med,med,4,2,med,low,unacc
1139,med,med,4,2,med,high,unacc
1140,med,med,4,2,big,low,unacc
1142,med,med,4,2,big,high,unacc
1143,med,med,4,4,small,low,unacc
1144,med,med,4,4,small,med,acc
1146,med,med,4,4,med,low,unacc
1147,med,med,4,4,med,med,acc
1148,med,med,4,4,med,high,vgood
1149,med,med,4,4,big,low,unacc
1150,med,med,4,4,big,med,acc
1151,med,med,4,4,big,high,vgood
1152,med,med,4,more,small,low,unacc
1154,med,med,4,more,small,high,acc
1155,med,med,4,more,med,low,unacc
1158,med,med,4,more,big,low,unacc
1159,med,med,4,more,big,med,acc
1162,med,med,5more,2,small,med,unacc
1163,med,med,5more,2,small,high,unacc
1164,med,med,5more,2,med,low,unacc
1165,med,med,5more,2,med,med,unacc
1166,med,med,5more,2,med,high,unacc
1168,med,med,5more,2,big,med,unacc
1169,med,med,5more,2,big,high,unacc
1170,med,med,5more,4,small,low,unacc
1171,med,med,5more,4,small,med,acc
1172,med,med,5more,4,small,high,acc
1175,med,med,5more,4,med,high,vgood
1176,med,med,5more,4,big,low,unacc
1178,med,med,5more,4,big,high,vgood
1179,med,med,5more,more,small,low,unacc
1180,med,med,5more,more,small,med,acc
1181,med,med,5more,more,small,high,acc
1182,med,med,5more,more,med,low,unacc
1183,med,med,5more,more,med,med,acc
1185,med,med,5more,more,big,low,unacc
1187,med,med,5more,more,big,high,vgood
1189,med,low,2,2,small,med,unacc
1191,med,low,2,2,med,low,unacc
1193,med,low,2,2,med,high,unacc
1194,med,low,2,2,big,low,unacc
1197,med,low,2,4,small,low,unacc
1198,med,low,2,4,small,med,acc
1199,med,low,2,4,small,high,good
1201,med,low,2,4,med,med,acc
1202,med,low,2,4,med,high,good
1203,med,low,2,4,big,low,unacc
1204,med,low,2,4,big,med,good
1205,med,low,2,4,big,high,vgood
1206,med,low,2,more,small,low,unacc
1207,med,low,2,more,small,med,unacc
1209,med,low,2,more,med,low,unacc
1210,med,low,2,more,med,med,acc
1211,med,low,2,more,med,high,good
1212,med,low,2,more,big,low,unacc
1213,med,low,2,more,big,med,good
1215,med,low,3,2,small,low,unacc
1216,med,low,3,2,small,med,unacc
1220,med,low,3,2,med,high,unacc
1222,med,low,3,2,big,med,unacc
1223,med,low,3,2,big,high,unacc
1226,med,low,3,4,small,high,good
1229,med,low,3,4,med,high,good
1230,med,low,3,4,big,low,unacc
1231,med,low,3,4,big,med,good
1233,med,low,3,more,small,low,unacc
1235,med,low,3,more,small,high,good
1236,med,low,3,more,med,low,unacc
1237,med,low,3,more,med,med,good
1239,med,low,3,more,big,low,unacc
1240,med,low,3,more,big,med,good
1242,med,low,4,2,small,low,unacc
1243,med,low,4,2,small,med,unacc
1244,med,low,4,2,small,high,unacc
1246,med,low,4,2,med,med,unacc
1247,med,low,4,2,med,high,unacc
1248,med,low,4,2,big,low,unacc
1250,med,low,4,2,big,high,unacc
1252,med,low,4,4,small,med,acc
1253,med,low,4,4,small,high,good
1255,med,low,4,4,med,med,good
1256,med,low,4,4,med,high,vgood
1257,med,low,4,4,big,low,unacc
1259,med,low,4,4,big,high,vgood
1263,med,low,4,more,med,low,unacc
1265,med,low,4,more,med,high,vgood
1266,med,low,4,more,big,low,unacc
1268,med,low,4,more,big,high,vgood
1270,med,low,5more,2,small,med,unacc
1271,med,low,5more,2,small,high,unacc
1272,med,low,5more,2,med,low,unacc
1273,med,low,5more,2,med,med,unacc
1274,med,low,5more,2,med,high,unacc
1275,med,low,5more,2,big,low,unacc
1277,med,low,5more,2,big,high,unacc
1278,med,low,5more,4,small,low,unacc
1279,med,low,5more,4,small,med,acc
1280,med,low,5more,4,small,high,good
1282,med,low,5more,4,med,med,good
1283,med,low,5more,4,med,high,vgood
1284,med,low,5more,4,big,low,unacc
1286,med,low,5more,4,big,high,vgood
1287,med,low,5more,more,small,low,unacc
1288,med,low,5more,more,small,med,acc
1289,med,low,5more,more,small,high,good
1290,med,low,5more,more,med,low,unacc
1292,med,low,5more,more,med,high,vgood
1293,med,low,5more,more,big,low,unacc
1294,med,low,5more,more,big,med,good
1295,med,low,5more,more,big,high,vgood
1303,low,vhigh,2,2,big,med,unacc
1304,low,vhigh,2,2,big,high,unacc
1305,low,vhigh,2,4,small,low,unacc
1307,low,vhigh,2,4,small,high,acc
1309,low,vhigh,2,4,med,med,unacc
1310,low,vhigh,2,4,med,high,acc
1313,low,vhigh,2,4,big,high,acc
1314,low,vhigh,2,more,small,low,unacc
1317,low,vhigh,2,more,med,low,unacc
1318,low,vhigh,2,more,med,med,unacc
1319,low,vhigh,2,more,med,high,acc
1320,low,vhigh,2,more,big,low,unacc
1324,low,vhigh,3,2,small,med,unacc
1325,low,vhigh,3,2,small,high,unacc
1326,low,vhigh,3,2,med,low,unacc
1327,low,vhigh,3,2,med,med,unacc
1328,low,vhigh,3,2,med,high,unacc
1329,low,vhigh,3,2,big,low,unacc
1330,low,vhigh,3,2,big,med,unacc
1331,low,vhigh,3,2,big,high,unacc
1334,low,vhigh,3,4,small,high,acc
1335,low,vhigh,3,4,med,low,unacc
1338,low,vhigh,3,4,big,low,unacc
1340,low,vhigh,3,4,big,high,acc
1341,low,vhigh,3,more,small,low,unacc
1342,low,vhigh,3,more,small,med,unacc
1345,low,vhigh,3,more,med,med,acc
1346,low,vhigh,3,more,med,high,acc
1347,low,vhigh,3,more,big,low,unacc
1348,low,vhigh,3,more,big,med,acc
1352,low,vhigh,4,2,small,high,unacc
1353,low,vhigh,4,2,med,low,unacc
1354,low,vhigh,4,2,med,med,unacc
1356,low,vhigh,4,2,big,low,unacc
1357,low,vhigh,4,2,big,med,unacc
1359,low,vhigh,4,4,small,low,unacc
1361,low,vhigh,4,4,small,high,acc
1363,low,vhigh,4,4,med,med,acc
1365,low,vhigh,4,4,big,low,unacc
1366,low,vhigh,4,4,big,med,acc
1367,low,vhigh,4,4,big,high,acc
1368,low,vhigh,4,more,small,low,unacc
1369,low,vhigh,4,more,small,med,unacc
1370,low,vhigh,4,more,small,high,acc
1371,low,vhigh,4,more,med,low,unacc
1374,low,vhigh,4,more,big,low,unacc
1375,low,vhigh,4,more,big,med,acc
1376,low,vhigh,4,more,big,high,acc
1377,low,vhigh,5more,2,small,low,unacc
1378,low,vhigh,5more,2,small,med,unacc
1380,low,vhigh,5more,2,med,low,unacc
1381,low,vhigh,5more,2,med,med,unacc
1382,low,vhigh,5more,2,med,high,unacc
1383,low,vhigh,5more,2,big,low,unacc
1386,low,vhigh,5more,4,small,low,unacc
1387,low,vhigh,5more,4,small,med,unacc
1388,low,vhigh,5more,4,small,high,acc
1389,low,vhigh,5more,4,med,low,unacc
1390,low,vhigh,5more,4,med,med,acc
1392,low,vhigh,5more,4,big,low,unacc
1393,low,vhigh,5more,4,big,med,acc
1402,low,vhigh,5more,more,big,med,acc
1403,low,vhigh,5more,more,big,high,acc
1405,low,high,2,2,small,med,unacc
1406,low,high,2,2,small,high,unacc
1407,low,high,2,2,med,low,unacc
1410,low,high,2,2,big,low,unacc
1415,low,high,2,4,small,high,acc
1418,low,high,2,4,med,high,acc
1420,low,high,2,4,big,med,acc
1421,low,high,2,4,big,high,vgood
1422,low,high,2,more,small,low,unacc
1423,low,high,2,more,small,med,unacc
1425,low,high,2,more,med,low,unacc
1427,low,high,2,more,med,high,acc
1428,low,high,2,more,big,low,unacc
1430,low,high,2,more,big,high,vgood
1431,low,high,3,2,small,low,unacc
1432,low,high,3,2,small,med,unacc
1434,low,high,3,2,med,low,unacc
1435,low,high,3,2,med,med,unacc
1436,low,high,3,2,med,high,unacc
1437,low,high,3,2,big,low,unacc
1438,low,high,3,2,big,med,unacc
1439,low,high,3,2,big,high,unacc
1440,low,high,3,4,small,low,unacc
1441,low,high,3,4,small,med,acc
1442,low,high,3,4,small,high,acc
1443,low,high,3,4,med,low,unacc
1444,low,high,3,4,med,med,acc
1445,low,high,3,4,med,high,acc
1446,low,high,3,4,big,low,unacc
1447,low,high,3,4,big,med,acc
1448,low,high,3,4,big,high,vgood
1449,low,high,3,more,small,low,unacc
1450,low,high,3,more,small,med,acc
1451,low,high,3,more,small,high,acc
1452,low,high,3,more,med,low,unacc
1454,low,high,3,more,med,high,vgood
1455,low,high,3,more,big,low,unacc
1456,low,high,3,more,big,med,acc
1457,low,high,3,more,big,high,vgood
1462,low,high,4,2,med,med,unacc
1463,low,high,4,2,med,high,unacc
1464,low,high,4,2,big,low,unacc
1465,low,high,4,2,big,med,unacc
1466,low,high,4,2,big,high,unacc
1467,low,high,4,4,small,low,unacc
1469,low,high,4,4,small,high,acc
1470,low,high,4,4,med,low,unacc
1472,low,high,4,4,med,high,vgood
1473,low,high,4,4,big,low,unacc
1474,low,high,4,4,big,med,acc
1477,low,high,4,more,small,med,acc
1478,low,high,4,more,small,high,acc
1479,low,high,4,more,med,low,unacc
1481,low,high,4,more,med,high,vgood
1482,low,high,4,more,big,low,unacc
1483,low,high,4,more,big,med,acc
1486,low,high,5more,2,small,med,unacc
1489,low,high,5more,2,med,med,unacc
1491,low,high,5more,2,big,low,unacc
1492,low,high,5more,2,big,med,unacc
1494,low,high,5more,4,small,low,unacc
1495,low,high,5more,4,small,med,acc
1496,low,high,5more,4,small,high,acc
1497,low,high,5more,4,med,low,unacc
1498,low,high,5more,4,med,med,acc
1499,low,high,5more,4,med,high,vgood
1501,low,high,5more,4,big,med,acc
1503,low,high,5more,more,small,low,unacc
1504,low,high,5more,more,small,med,acc
1505,low,high,5more,more,small,high,acc
1506,low,high,5more,more,med,low,unacc
1507,low,high,5more,more,med,med,acc
1508,low,high,5more,more,med,high,vgood
1509,low,high,5more,more,big,low,unacc
1510,low,high,5more,more,big,med,acc
1511,low,high,5more,more,big,high,vgood
1514,low,med,2,2,small,high,unacc
1515,low,med,2,2,med,low,unacc
1516,low,med,2,2,med,med,unacc
1517,low,med,2,2,med,high,unacc
1518,low,med,2,2,big,low,unacc
1519,low,med,2,2,big,med,unacc
1520,low,med,2,2,big,high,unacc
1521,low,med,2,4,small,low,unacc
1522,low,med,2,4,small,med,acc
1524,low,med,2,4,med,low,unacc
1525,low,med,2,4,med,med,acc
1527,low,med,2,4,big,low,unacc
1528,low,med,2,4,big,med,good
1529,low,med,2,4,big,high,vgood
1532,low,med,2,more,small,high,unacc
1534,low,med,2,more,med,med,acc
1536,low,med,2,more,big,low,unacc
1537,low,med,2,more,big,med,good
1540,low,med,3,2,small,med,unacc
1541,low,med,3,2,small,high,unacc
1542,low,med,3,2,med,low,unacc
1543,low,med,3,2,med,med,unacc
1544,low,med,3,2,med,high,unacc
1545,low,med,3,2,big,low,unacc
1546,low,med,3,2,big,med,unacc
1547,low,med,3,2,big,high,unacc
1548,low,med,3,4,small,low,unacc
1549,low,med,3,4,small,med,acc
1550,low,med,3,4,small,high,good
1551,low,med,3,4,med,low,unacc
1552,low,med,3,4,med,med,acc
1553,low,med,3,4,med,high,good
1554,low,med,3,4,big,low,unacc
1555,low,med,3,4,big,med,good
1557,low,med,3,more,small,low,unacc
1558,low,med,3,more,small,med,acc
1559,low,med,3,more,small,high,good
1560,low,med,3,more,med,low,unacc
1561,low,med,3,more,med,med,good
1562,low,med,3,more,med,high,vgood
1563,low,med,3,more,big,low,unacc
1564,low,med,3,more,big,med,good
1565,low,med,3,more,big,high,vgood
1566,low,med,4,2,small,low,unacc
1567,low,med,4,2,small,med,unacc
1569,low,med,4,2,med,low,unacc
1570,low,med,4,2,med,med,unacc
1571,low,med,4,2,med,high,unacc
1572,low,med,4,2,big,low,unacc
1573,low,med,4,2,big,med,unacc
1574,low,med,4,2,big,high,unacc
1575,low,med,4,4,small,low,unacc
1576,low,med,4,4,small,med,acc
1579,low,med,4,4,med,med,good
1580,low,med,4,4,med,high,vgood
1581,low,med,4,4,big,low,unacc
1582,low,med,4,4,big,med,good
1583,low,med,4,4,big,high,vgood
1584,low,med,4,more,small,low,unacc
1585,low,med,4,more,small,med,acc
1586,low,med,4,more,small,high,good
1587,low,med,4,more,med,low,unacc
1590,low,med,4,more,big,low,unacc
1591,low,med,4,more,big,med,good
1592,low,med,4,more,big,high,vgood
1593,low,med,5more,2,small,low,unacc
1594,low,med,5more,2,small,med,unacc
1595,low,med,5more,2,small,high,unacc
1597,low,med,5more,2,med,med,unacc
1598,low,med,5more,2,med,high,unacc
1599,low,med,5more,2,big,low,unacc
1600,low,med,5more,2,big,med,unacc
1601,low,med,5more,2,big,high,unacc
1602,low,med,5more,4,small,low,unacc
1604,low,med,5more,4,small,high,good
1606,low,med,5more,4,med,med,good
1607,low,med,5more,4,med,high,vgood
1609,low,med,5more,4,big,med,good
1610,low,med,5more,4,big,high,vgood
1611,low,med,5more,more,small,low,unacc
1613,low,med,5more,more,small,high,good
1615,low,med,5more,more,med,med,good
1616,low,med,5more,more,med,high,vgood
1617,low,med,5more,more,big,low,unacc
1618,low,med,5more,more,big,med,good
1620,low,low,2,2,small,low,unacc
1621,low,low,2,2,small,med,unacc
1622,low,low,2,2,small,high,unacc
1624,low,low,2,2,med,med,unacc
1626,low,low,2,2,big,low,unacc
1627,low,low,2,2,big,med,unacc
1630,low,low,2,4,small,med,acc
1631,low,low,2,4,small,high,good
1632,low,low,2,4,med,low,unacc
1635,low,low,2,4,big,low,unacc
1636,low,low,2,4,big,med,good
1640,low,low,2,more,small,high,unacc
1641,low,low,2,more,med,low,unacc
1642,low,low,2,more,med,med,acc
1643,low,low,2,more,med,high,good
1644,low,low,2,more,big,low,unacc
1645,low,low,2,more,big,med,good
1647,low,low,3,2,small,low,unacc
1648,low,low,3,2,small,med,unacc
1650,low,low,3,2,med,low,unacc
1651,low,low,3,2,med,med,unacc
1652,low,low,3,2,med,high,unacc
1653,low,low,3,2,big,low,unacc
1654,low,low,3,2,big,med,unacc
1655,low,low,3,2,big,high,unacc
1656,low,low,3,4,small,low,unacc
1658,low,low,3,4,small,high,good
1662,low,low,3,4,big,low,unacc
1663,low,low,3,4,big,med,good
1664,low,low,3,4,big,high,vgood
1665,low,low,3,more,small,low,unacc
1666,low,low,3,more,small,med,acc
1667,low,low,3,more,small,high,good
1669,low,low,3,more,med,med,good
1670,low,low,3,more,med,high,vgood
1671,low,low,3,more,big,low,unacc
1673,low,low,3,more,big,high,vgood
1674,low,low,4,2,small,low,unacc
1675,low,low,4,2,small,med,unacc
1677,low,low,4,2,med,low,unacc
1678,low,low,4,2,med,med,unacc
1682,low,low,4,2,big,high,unacc
1686,low,low,4,4,med,low,unacc
1688,low,low,4,4,med,high,vgood
1691,low,low,4,4,big,high,vgood
1692,low,low,4,more,small,low,unacc
1693,low,low,4,more,small,med,acc
1696,low,low,4,more,med,med,good
1697,low,low,4,more,med,high,vgood
1698,low,low,4,more,big,low,unacc
1701,low,low,5more,2,small,low,unacc
1702,low,low,5more,2,small,med,unacc
1703,low,low,5more,2,small,high,unacc
1705,low,low,5more,2,med,med,unacc
1707,low,low,5more,2,big,low,unacc
1708,low,low,5more,2,big,med,unacc
1709,low,low,5more,2,big,high,unacc
1710,low,low,5more,4,small,low,unacc
1711,low,low,5more,4,small,med,acc
1712,low,low,5more,4,small,high,good
1716,low,low,5more,4,big,low,unacc
1717,low,low,5more,4,big,med,good
1718,low,low,5more,4,big,high,vgood
1719,low,low,5more,more,small,low,unacc
1720,low,low,5more,more,small,med,acc
1722,low,low,5more,more,med,low,unacc
1723,low,low,5more,more,med,med,good
1724,low,low,5more,more,med,high,vgood
1726,low,low,5more,more,big,med,good
1727,low,low,5more,more,big,high,vgood
